detail_descs,last_update,links,name,star
Django管理界面的一种新样式。,2016-05-11T02:10:37Z,https://github.com/hersonls/djamin,djamin,220
Django管理界面的自适应皮肤。,2016-09-06T06:52:08Z,https://github.com/django-admin-bootstrap/django-admin-bootstrap,django-admin-bootstrap,503
一种基于TwitterBootstrap的Django管理界面主题。,2015-12-27T18:54:35Z,https://github.com/django-admin-bootstrapped/django-admin-bootstrapped,django-admin-bootstrapped,1381
一个关于管理界面数据项和装饰器的集合。,2017-04-02T16:00:25Z,https://github.com/ebertti/django-admin-easy,django-admin-easy,85
终级管理界面，它基于现代扁平式风格，能让你通过管理界面自身定制它的主题、logo和配色。,2017-08-24T16:37:28Z,https://github.com/fabiocaccamo/django-admin-interface,django-admin-interface,112
一个关于默认Django管理界面的扩展/工具的集合。,2017-05-30T12:29:10Z,https://github.com/django-admin-tools/django-admin-tools,django-admin-tools,262
django.contrib.admin的一个可扩展、能适配的版本。,2017-01-10T17:43:07Z,https://github.com/pydanny/django-admin2,django-admin2,956
可用于Django管理界面的一种扁平式主题。现代、清新、简洁。,2016-10-27T09:51:10Z,https://github.com/elky/django-flat-theme,django-flat-theme,400
Django项目的增强型管理面板。,2016-12-22T13:02:33Z,https://github.com/edoburu/django-fluent-dashboard,django-fluent-dashboard,177
可用于Django管理界面的一个绚丽皮肤。,2017-08-02T07:41:32Z,https://github.com/sehmaschine/django-grappelli,django-grappelli,2169
允许超级用户以其他用户微分登录和操作。,2017-08-22T22:01:57Z,https://github.com/arteria/django-hijack,django-hijack,568
可用于管理界面的现代模板，并增强了功能。,2017-04-29T19:18:26Z,https://github.com/geex-arts/django-jet,django-jet,982
Material风格的Django表单和管理界面。是模板驱动的。,2017-08-17T08:06:32Z,https://github.com/viewflow/django-material,django-material,1238
一个Django应用，用于在管理界面中为数据模型添加对象工具。,2017-06-16T16:07:01Z,https://github.com/crccheck/django-object-actions,django-object-actions,183
可用于Django管理界面的一个现代主题。,2017-03-30T12:16:16Z,https://github.com/darklow/django-suit,django-suit,1323
WordPress风格的Django管理界面。,2015-05-08T12:29:32Z,https://github.com/barszczmm/django-wpadmin,django-wpadmin,213
一个Djangoadmin的替代器，并附带很多不错的功能特性，完全支持用插件扩展，绚丽的UI基于TwitterBootstrap。（目前仍对Python3不友好）,2017-07-25T07:57:17Z,https://github.com/sshwsfc/django-xadmin,django-xadmin,2239
用于Django的一个管理界面(长时间未更新),2014-05-04T16:03:48Z,https://github.com/yawd/yawd-admin,yawd-admin,131
用一个通用接口来集成各种分析服务，无需修改模板文件。,2017-08-17T14:52:49Z,https://github.com/jcassee/django-analytical,django-analytical,498
将通过链接及内联的javascript或CSS压缩成单个缓存文件。,2017-08-27T05:51:10Z,https://github.com/django-compressor/django-compressor,django-compressor,1910
编译及合并JavaScript和CSS文件。,2015-01-21T08:00:18Z,https://github.com/gears/django-gears,django-gears,54
用于Python框架的HTML压缩工具，完全支持HTML5和Django。,2016-11-12T15:10:08Z,https://github.com/cobrateam/django-htmlmin,django-htmlmin,352
Django的资源文件管理包。,2017-07-03T06:56:20Z,https://github.com/jazzband/django-pipeline,django-pipeline,1177
DjangoSystemJS将Javascript的未来版本带到当前的Django中。(JSPM与Django集成),2016-12-14T11:38:21Z,https://github.com/sergei-maertens/django-systemjs,django-systemjs,42
webpack无缝集成到django。,2017-07-11T23:19:56Z,https://github.com/owais/django-webpack-loader,django-webpack-loader,971
webpack的Python绑定包，并与django集成。,2016-01-12T00:45:08Z,https://github.com/markfinger/python-webpack,python-webpack,59
一套完整的Django应用，解决认证，注册，帐户管理及第三方（社交）帐户认证。,2017-08-20T07:30:51Z,https://github.com/pennersr/django-allauth,django-allauth,3200
Django项目的多用户帐户功能。,2017-08-09T23:46:52Z,https://github.com/bennylope/django-organizations,django-organizations,369
一个可插拔框架，用于为Django添加使用一次性密码的双因子认证。,,https://bitbucket.org/psagers/django-otp/,"django-otp,bitbucketforks:39",
一个简单的Django用户注册应用，意在使用户注册过程尽可以简单。,2017-08-01T15:08:01Z,https://github.com/macropin/django-registration,django-registration,585
一组RESTAPI，用于处理用户注册和认证任务。,2017-06-28T18:36:04Z,https://github.com/Tivix/django-rest-auth,django-rest-auth,923
用户友好的双因子认证。,2017-08-11T08:19:27Z,https://github.com/Bouke/django-two-factor-auth,django-two-factor-auth,459
Django的帐户应用，使用极其简单。,2016-08-24T12:09:20Z,https://github.com/bread-and-pepper/django-userena,django-userena,1210
PythonSocialAuth是一个很容易设置的社交认证/注册机制，它支持多个框架和认证提供商。,2017-02-04T13:10:59Z,https://github.com/omab/python-social-auth,python-social-auth,2690
实现对象级别的权限，来用作授权后端。,2017-07-23T16:55:02Z,https://github.com/django-guardian/django-guardian,django-guardian,1540
Django用来集成OAuth2的好东西。,2017-07-12T12:57:12Z,https://github.com/evonove/django-oauth-toolkit,django-oauth-toolkit,1051
为你的应用提供OAuth2访问。,2014-03-18T21:22:39Z,https://github.com/caffeinehit/django-oauth2-provider,django-oauth2-provider,306
"ObjectModerationLayer,mixinformodelsthatallowsyoumoderateseveralcontenttypes.（2年未更新）",2015-08-21T20:17:28Z,https://github.com/angvp/django-oml,django-oml,10
一个增强的权限库，它能使用,2017-03-28T06:06:30Z,https://github.com/lambdalisue/django-permission,django-permission,246
一个微型但强大的应用，为Django提供了对象级别的权限，它无需使用数据。其核心是一个用于构建基于规则的系统的通用框架，类似决策树。它也可以以独立库的形式使用在其它上下文和框架中。,2017-05-13T12:17:30Z,https://github.com/dfunckt/django-rules,django-rules,498
一个简单而且强大，又非常容易扩展的应用，用于管理Django网站中的blog。,2017-06-15T08:12:24Z,https://github.com/Fantomas42/django-blog-zinnia,django-blog-zinnia,1525
一个用,2017-08-10T15:55:57Z,https://github.com/APSL/puput,puput,206
一个可根据cookiecutters(项目模板）创建新项目的命令行工具。,2017-08-11T16:57:10Z,https://github.com/audreyr/cookiecutter,cookiecutter,5589
一个DjangoWeb应用的样板，包含多种社交认证方法和多个流行的API示例（1年未更新）。,2016-01-29T04:07:31Z,https://github.com/DrkSephy/django-hackathon-starter,django-hackathon-starter,1085
一个非常现代化非常先进的Django项目骨架。,2017-07-27T09:36:06Z,https://github.com/arocks/edge,edge,500
对你的DjangoORM进行缓存，并能自动使它们失效。,2017-06-07T09:36:02Z,https://github.com/BertrandBordage/django-cachalot,django-cachalot,483
能在ORM中的Django数据模型自动进行缓存和使其失效（1年未更新）。,2016-02-10T11:14:21Z,https://github.com/django-cache-machine/django-cache-machine,django-cache-machine,665
一个精巧的ORM缓存，具有自动化细粒度事件驱动型的失效机制。,2017-08-12T06:09:29Z,https://github.com/Suor/django-cacheops,django-cacheops,721
Django中,2017-02-07T19:07:08Z,https://github.com/tvavrys/django-memoize,django-memoize,53
一个缓存管理器mixin，提供了一些ORM对象的缓存功能。,2016-10-23T12:16:38Z,https://github.com/educreations/django-ormcache,django-ormcache,13
用于Django的Redis缓存后端。,2017-04-09T00:32:23Z,https://github.com/sebleier/django-redis-cache,django-redis-cache,771
JohnnyCache是一个用于Django应用的缓存框架。,2014-11-10T16:02:17Z,https://github.com/jmoiron/johnny-cache,johnny-cache,270
为官方支持的Django版本提供向前和向后兼容层。,2017-08-22T22:06:25Z,https://github.com/arteria/django-compat,django-compat,93
为你的代理检查Django兼容性（2年未更新）。,2015-08-13T07:50:38Z,https://github.com/ubernostrum/django-compat-lint,django-compat-lint,37
一个可定制，模块化的仪表盘应用框架，用以在你的Django项目中可视化有兴趣的数据。灵感来自那个相当优秀的仪表盘框架Dashing。,2017-08-22T13:52:38Z,https://github.com/talpor/django-dashing,django-dashing,432
通过DjangoREST框架架设你的Pandas数据帧服务，以在客户端（如d3.js）可视化和离线分析（如Excel）中使用。,2017-07-15T19:32:55Z,https://github.com/wq/django-rest-pandas,rest-pandas,481
在你的Django应用中使用数据库URL。,2017-08-03T21:59:54Z,https://github.com/kennethreitz/dj-database-url,dj-database-url,602
一个Django扩展，以使用MySQL/MariaDB。,2017-08-10T10:53:50Z,https://github.com/adamchainz/django-mysql,django-mysql,142
在Django中使用快速/模糊的PostgreSQLcount操作。,2016-09-09T00:02:37Z,https://github.com/stephenmcd/django-postgres-fuzzycount,django-postgres-fuzzycount,58
用于Django的Postgres连接池，基于SQLAlchemy。,2017-01-25T19:03:02Z,https://github.com/kennethreitz/django-postgrespool,django-postgrespool,264
可配置的一组面板，可显示有关当前请求/应答中的许多调试信息。,2017-06-03T10:43:58Z,https://github.com/django-debug-toolbar/django-debug-toolbar,django-debug-toolbar,4311
Django内置runserver的简单替代者（1年未更新）。,2016-03-05T15:18:30Z,https://github.com/dcramer/django-devserver,django-devserver,1208
一个中间件，用于将数据库查询数输出来runserver命令行中。,2017-04-22T23:25:24Z,https://github.com/bradmontgomery/django-querycount,django-querycount,96
Django中非常易用的剖析工具。,2017-08-15T19:44:55Z,https://github.com/django-silk/silk,django-silk,1148
自动检测Django（及其它ORM）中的n+1查询问题。,2017-08-14T03:54:06Z,https://github.com/jmcarp/nplusone,nplusone,284
一个现代的错误记录和聚合平台。,2017-08-25T23:01:23Z,https://github.com/getsentry/sentry,sentry,13658
一个Django邮件后端，使用celery任务来发送邮件。,2017-07-13T15:43:31Z,https://github.com/pmclanahan/django-celery-email,django-celery-email,169
一个Django模块，能很容易地发送使用Django模板的邮件/短信/push/tss信息，而模板存于数据库中并通过Django管理后面管理。,2017-08-10T15:30:18Z,https://github.com/LPgenerator/django-db-mailer,django-db-mailer,171
DjangoAdminbasedmanagementfordripemailcampaigns（2年未更新）。,2014-12-10T07:32:33Z,https://github.com/zapier/django-drip,django-drip,548
"多种邮件工具:PGP加密,multipart模板,浏览器测试后端等。",2017-08-07T01:11:32Z,https://github.com/stephenmcd/django-email-extras,django-email-extras,69
使用Mailgun的Django邮件后端。,2016-07-11T16:54:45Z,https://github.com/BradWhittington/django-mailgun,django-mailgun,208
一个用于发送和管理邮件的简单Django应用，支持模板，并能很容易与任务队伍集成。,2017-07-31T06:54:55Z,https://github.com/ui/django-post_office,django-post_office,356
使用AmazonSimpleEmailService的Django邮件后端。,2017-03-15T03:01:01Z,https://github.com/django-ses/django-ses,django-ses,498
使用Spoolgoredaemon的django邮件后端（3年未更新）。,2014-05-30T11:00:23Z,https://github.com/20tab/django-spoolgore,django-spoolgore,7
"一个Django模板，能很容易地发送模板型邮件，可以使用django模板，或事务型邮件提供商（如mailchimp,silverpop等）。",2017-05-03T20:55:16Z,https://github.com/BradWhittington/django-templated-email,django-templated-email,319
django-mailer2+django-mailviews，及其它功能。,2017-08-03T13:48:57Z,https://github.com/APSL/django-yubin,django-yubin,24
一个简单且非阻塞式的django邮件中间件。,2017-03-27T14:11:05Z,https://github.com/bameda/djmail,djmail,59
一个使用MailChimp的Mandrill事务型邮件邮件的邮件后端。,2016-08-29T16:13:47Z,https://github.com/brack3t/Djrill,djrill,352
"允许对音频文件进行上传，管理，将转换成不同的音频格式(mp3,wav&ogg)。",2017-05-23T10:22:49Z,https://github.com/areski/django-audiofield,django-audiofield,106
Django数据模型的一个扩展，ABitField。,2017-04-28T23:39:02Z,https://github.com/disqus/django-bitfield,django-bitfield,286
为表单提供国家选择，也基于国旗选择，还提供一个CountryField。,2017-07-19T10:47:46Z,https://github.com/SmileyChris/django-countries,django-countries,408
基于命名常数列表的Django定制数据项（1看未更新）。,2015-11-17T19:54:44Z,https://github.com/5monkeys/django-enumfield,django-enumfield,105
在Django中处理图像的包(1看未更新）。,2015-12-04T14:25:37Z,https://github.com/bonsaistudio/django-image-tools,django-image-tools,33
在Django中自动处理图像。,2017-07-24T12:55:15Z,https://github.com/matthewwithanm/django-imagekit,django-imagekit,1216
用于Django数据模型中的JSONField。forDjangomodels.,,https://pypi.python.org/pypi/django-jsonfield,django-jsonfield,
一个位置项及其组件，并与google地图集成。,2017-03-28T03:21:47Z,https://github.com/caioariede/django-location-field,django-location-field,283
在Django中使用的MAC地址数据模型及其表单项。,2017-06-29T13:25:58Z,https://github.com/django-macaddress/django-macaddress,django-macaddress,24
一个可以与,2017-04-15T13:37:34Z,https://github.com/stefanfoulis/django-phonenumber-field,django-phonenumber-field,429
用于Django的序列化对象项（pickledobjectfield）。,2017-06-29T23:45:38Z,https://github.com/gintas/django-picklefield,django-picklefield,94
一个更好更快的多选组件，并附有提示功能。,2017-04-18T11:27:01Z,https://github.com/and3rson/django-searchable-select,django-searchable-select,34
用于Django的UUIDField（2年未更新）。,2015-01-19T19:48:24Z,https://github.com/dcramer/django-uuidfield,django-uuidfield,261
djangoImageField的简单替代品，并提供了一个灵活、直观、易扩展的接口来快速地根据指定的图像创建一个表单项。,2017-07-12T19:58:38Z,https://github.com/WGBH/django-versatileimagefield,django-versatileimagefield,256
用Django提供文件服务。,2016-06-28T06:38:45Z,https://github.com/benoitbryon/django-downloadview,django-downloadview,136
这是对特定于Web服务器的方法的一个封闭器，用来将文件发送给Web客户端。,2017-01-12T21:33:43Z,https://github.com/johnsensible/django-sendfile,django-sendfile,325
django-autocomplete-light的目标是在Django项目中快速而适当地实现自动填充功能。,2017-08-14T10:27:02Z,https://github.com/yourlabs/django-autocomplete-light,django-autocomplete-light,857
将TwitterBootstrap使用到Django表单中。,2017-08-03T17:06:29Z,https://github.com/tzangms/django-bootstrap-form,django-bootstrap-form,495
以Django的方式，在Django模板中使用Bootstrap。,2017-08-18T11:54:58Z,https://github.com/dyve/django-bootstrap3,django-bootstrap3,1851
实现DRYDjango表单的最好方式。该应用提供的Tag和Filter能让你快速将表单呈现成div格式，同时又提供大量的功能来配置和控制呈现的HTML。,2017-08-23T19:01:06Z,https://github.com/maraujop/django-crispy-forms,django-crispy-forms,2882
django-floppyforms这个应用能让你完全控制表单的呈现结果。表单API和功能与Django的完全相同，主要的不同在同它的表单项和表单组件是在模板中呈现的，而不是使用字符串处理完成，因此它能让你在使用Django模板中完成控制输出的结果。,2017-08-06T15:15:22Z,https://github.com/gregmuellegger/django-floppyforms,django-floppyforms,691
一个数据模型项，可用来保存地理信息(经度/纬度)，并提供相应的后台管理/表单组件。,2016-08-05T07:16:55Z,https://github.com/philippbosch/django-geoposition,django-geoposition,267
一个位置项及其组件，并与google地图集成。,2017-03-28T03:21:47Z,https://github.com/caioariede/django-location-field,django-location-field,283
DjangoREST框架的Geodata扩展。,2017-08-21T19:09:25Z,https://github.com/bkg/django-spillway,django-spillway,46
DjangoREST框架的地理信息扩展。,2017-07-17T21:48:42Z,https://github.com/djangonauts/django-rest-framework-gis,djangorestframework-gis,410
一个协助应用，能很容易地为后台或前端非破坏性的剪切任意大图片。,2017-07-17T08:09:36Z,https://github.com/jonasundderwolf/django-image-cropping,django-image-cropping,406
djangoImageField的简单替代品，并提供了一个灵活、直观、易扩展的接口来快速地根据指定的图像创建一个表单项。,2017-07-12T19:58:38Z,https://github.com/WGBH/django-versatileimagefield,django-versatileimagefield,256
一个提供了模式和数据迁移功能的Django应用，支持至Django1.6.x。(,,https://bitbucket.org/andrewgodwin/south/src/,South,
一个微型Django应用，它实现了Device数据模型，可通过APNS和GCM发送消息。,2017-08-09T00:36:18Z,https://github.com/jleclanche/django-push-notifications,django-push-notifications,984
一个Django应用，使用celery来提供推送功能。该应用的主要目的是帮助你批量向你的用户发送推送消息。如果你有多个已注册的设备码(registereddevicekeys)，django-pushy会将设备码分成小组，从而加快消息的发送过程。,2017-08-06T19:20:19Z,https://github.com/rakanalh/django-pushy,django-pushy,163
对Django查询进行条件聚合，就如Excel中的SumIf和CountIf（2年未更新）。,2014-11-20T11:11:06Z,https://github.com/henriquebastos/django-aggregate-if,django-aggregate-if,128
与国家信息有关的Django辅助包，即原先的fame贡献包。,2017-08-12T09:27:51Z,https://github.com/django/django-localflavor,django-localflavor,320
Django数据模型的mixins和工具集。,2017-04-18T08:51:18Z,https://github.com/carljm/django-model-utils,django-model-utils,1194
用来在Django中实现一个修订版的先序遍历树的工具集。,2017-08-17T14:30:26Z,https://github.com/django-mptt/django-mptt,django-mptt,1531
Django中树数据结构的另一种实现(提供了3种不同的层级数据排序方法，包括MPTT)。,2017-06-23T15:52:32Z,https://github.com/tabo/django-treebeard,django-treebeard,391
使得Django+Stripe更容易。,2017-08-20T00:09:18Z,https://github.com/pydanny/dj-stripe,dj-stripe,412
一个Django应用，为多个可插拔支付后端提供了辅助工具（2年未更新）。,2015-07-08T05:29:26Z,https://github.com/agiliq/merchant,django-merchant,873
这个包提供了与Adyen支付网关的集成功能。它意在与电子商务框架django-oscar进行无缝对接，但也可以独立于Oscar使用。,2017-06-29T08:02:45Z,https://github.com/oscaro/django-oscar-adyen,django-oscar-adyen,7
这个包提供了与PaymentExpress支付网关（使用它们的PXPOSTAPI）的集成功能。它意在与电子商务框架django-oscar进行无缝对接，但也可以独立于Oscar使用（5年未更新）。,2012-08-29T07:19:53Z,https://github.com/django-oscar/django-oscar-paymentexpress,django-oscar-paymentexpress,6
PayPal集成进django-oscar。也可以独立于Oscar使用。,2016-09-06T12:48:10Z,https://github.com/django-oscar/django-oscar-paypal,django-oscar-paypal,72
一个可插拔的Django应用，进于集成PayPal标准支持和高级支付功能。,2017-08-15T13:58:51Z,https://github.com/spookylukey/django-paypal,django-paypal,404
可简化使用Pin的支付过程的Django库（1年未更新）。,2016-01-28T23:43:34Z,https://github.com/rossp/django-pinpayments,django-pinpayments,19
表单，组件，模板标签及模板，以使Stripe+Django更容易(3年未更新）。,2014-06-23T22:08:32Z,https://github.com/GoodCloud/django-zebra,django-zebra,181
一个多用户的Django应用，用于跟踪用户在项目上的时间（1年未更新）。,2016-02-29T16:11:00Z,https://github.com/caktus/django-timepiece,django-timepiece,264
一个集成了highcharts的Django报表应用。,2016-03-27T17:11:41Z,https://github.com/juanpex/django-model-report,django-model-report,160
DjangoORM的一个用户界面。能构建自定义的查询并显示结果。目标用户是系统管理员及不会编程的终端用户。,2017-08-17T20:00:07Z,https://github.com/burke-software/django-report-builder,django-report-builder,474
实现对象序列化，RESTful视图和RPC视图的一种极简方式。,2017-08-24T13:15:54Z,https://github.com/funkybob/django-nap,django-nap,177
该应用将所有与注册和验证相关的功能都以CBV(ClassBaseView)和REST(JSON)的形式提供，从而使用它来构建DjangoSPA(SinglePageApp)或移动应用是极其方便的。,2017-06-28T18:36:04Z,https://github.com/Tivix/django-rest-auth,django-rest-auth,923
一个功能强大且灵活的工具集，用它来构建WebAPI很容易。,,http://www.django-rest-framework.org/,django-rest-framework,
用于DjangoRest框架的一些本地化相关序列化器。,2016-10-27T16:15:40Z,https://github.com/gilsondev/django-rest-localflavor,django-rest-localflavor,12
DjangoREST框架的,2017-04-06T13:13:37Z,https://github.com/marcgibbons/django-rest-swagger,django-rest-swagger,1604
为使用DjangoREST框架开发的WebAPI提供文档。,2017-02-07T21:59:31Z,https://github.com/ekonstantinidis/django-rest-framework-docs,drfdocs,405
自2010年来就能为Django应用创建完美的API。,,http://tastypieapi.org/,django-tastypie,
一个在Python中使用的轻量级REST微框架。,2017-06-01T19:06:20Z,https://github.com/toastdriven/restless,restless,632
Django中的模块化搜索包。,2017-08-24T19:12:53Z,https://github.com/django-haystack/django-haystack,django-haystack,2249
快速的多数据模式的全文搜索插件。,2017-08-22T13:10:51Z,https://github.com/etianen/django-watson,django-watson,619
PostgreSQL全文搜索与djangoorm整合（1年未更新）。,2016-01-05T19:49:29Z,https://github.com/linuxlewis/djorm-ext-pgfulltext,djorm-ext-pgfulltext,241
一个伪装的Django管理后台登录界面，用来向管理员发送未授权访问尝试信息。,2016-08-07T21:02:46Z,https://github.com/dmpayton/django-admin-honeypot,django-admin-honeypot,385
是一种用于记录失败登录尝试的简单方法，即可用于Django管理后台，也可用于你的应用系统。,2017-07-20T17:20:54Z,https://github.com/django-pci/django-axes,django-axes,349
为你的Django应用提供BREACH防御。,2016-08-13T11:19:20Z,https://github.com/lpomfrey/django-debreach,django-debreach,68
当修改密码后会使所有活跃会话全部失效(,2015-02-20T05:04:55Z,https://github.com/atugushev/django-password-session,django-password-session,10
提醒你通过完成一些简单地任务来提高你的Django网站的安全性，该项目已整合入Django1.8+，故不再维护（2年未更新）。,2015-11-20T19:41:51Z,https://github.com/carljm/django-secure,django-secure,485
"通过TOTP,短信,代码&答案等进行安全认证。能根据IP和captcha进行登录保护。",2017-08-01T09:42:36Z,https://github.com/gotlium/django-secure-auth,django-secure-auth,25
一组数据模型，视图、中间件和表单，用来加固Django项目的安全性。,2017-07-20T18:03:09Z,https://github.com/sdelements/django-security,django-security,120
在你的Django网站上强制使用SSL。,2016-08-13T19:10:55Z,https://github.com/rdegges/django-sslify,django-sslify,296
Stronghold是一个中间件，用来默认将你的所有视图导向loginrequired。,2017-07-04T13:38:39Z,https://github.com/mgrouchy/django-stronghold,django-stronghold,234
Sudo模式是你的最敏感页面的一个额外安全层。这是Django中的GitHubSudo模式的一种实现。,2016-07-26T20:35:14Z,https://github.com/mattrobenolt/django-sudo,django-sudo,242
"一个可插拔的应用，Django开发人员可以用它来快速地将meta标签和OpenGraph,Twitter,和GooglePlus属性添加到他们的HTML页面中。",2017-08-12T13:59:55Z,https://github.com/nephila/django-meta,django-meta,162
一个用于管理robots.txt文件的应用，它遵循robots扩展协议。,2017-03-01T00:00:21Z,https://github.com/jazzband/django-robots,django-robots,221
提供了一组工具来管理Django站点的搜索引擎优化(SEO)元数据。,2016-07-13T11:19:42Z,https://github.com/romansalin/django-seo2,django-seo2,38
一个依据广为接受的编程模式来组织Django项目配置信息的辅助包。,2017-07-16T14:10:46Z,https://github.com/jazzband/django-configurations,django-configurations,541
一个能将动态设置信息存储在可插拔后端（内置Redis和Django数据模型后端）的Django应用，并已与Django后台管理应用整合。,2017-08-21T13:56:00Z,https://github.com/jazzband/django-constance,django-constance,761
严格地将配置与代码分离。,2017-08-16T02:43:29Z,https://github.com/henriquebastos/python-decouple,python-decouple,447
能让你使用12factor的环境变量来配置你的Django应用。,2017-08-21T10:42:38Z,https://github.com/joke2k/django-environ,django-environ,753
将Django设置信息组织到多个文件和目录中。能容易地实现对设置的覆盖和修改。能使用通配符和可选的设置文件。,2017-06-22T15:37:46Z,https://github.com/sobolevn/django-split-settings,django-split-settings,217
为你的Django项目实现动态、全局的实例设置。,2017-07-30T16:59:45Z,https://github.com/EliotBerriot/django-dynamic-preferences,django-dynamic-preferences,86
使用该应用能容易地将媒体或静态文件保存到,2016-03-13T10:26:17Z,https://github.com/marazmiki/django-selectel-storage,django-selectel-storage,10
django-storages是一个有关自定义Django存储后端的列表（4年未更新）。,,https://bitbucket.org/david/django-storages/src/,django-storages,
为Django存储后端提供了代理功能，从而使你能像在本地一样上传文件，但最终是保存在远程。,2017-08-20T13:49:50Z,https://github.com/jazzband/django-queued-storage,django-queued-storage,254
Django存储后端，能将文件存储在自定义的WebDAV存储中。,2016-05-16T18:14:32Z,https://github.com/marazmiki/django-webdav-storage,django-webdav-storage,11
Django的简单标签应用。,2017-06-04T01:41:27Z,https://github.com/alex/django-taggit,django-taggit,1727
django-taggit标签的Django后台管理辅助类（1年未更新）。,2015-12-05T06:34:07Z,https://github.com/mfcovington/django-taggit-helpers,django-taggit-helpers,18
Celery与Django集成。(Celery3.1+已不再需要该包),2017-07-18T06:51:58Z,https://github.com/celery/django-celery,django-celery,1054
一个Django多进程任务队列。,2017-07-10T09:52:46Z,https://github.com/Koed00/django-q,django-q,528
在你的Django项目监测和使用,2017-08-07T11:44:27Z,https://github.com/ui/django-rq,django-rq,667
一个Python中的小型多线程任务队列。,2017-08-25T04:57:13Z,https://github.com/coleifer/huey,huey,1355
将行为驱动开发(,2017-03-22T06:20:54Z,https://github.com/behave/behave-django,behave-django,34
BehaveBDD模块的TestRunner。,2016-07-16T10:47:25Z,https://github.com/django-behave/django-behave,django-behave,174
可为测试目的动态地创建数据模拟实例。,2017-08-07T15:10:06Z,https://github.com/paulocheque/django-dynamic-fixture,django-dynamic-fixture,256
使用,2015-09-26T17:42:26Z,https://github.com/joke2k/django-faker,django-faker,153
在Django中即插即用jenkins进行持续集成。,2017-02-16T12:03:00Z,https://github.com/kmmbvnr/django-jenkins,django-jenkins,822
使用nose进行测试。,2017-08-23T23:35:37Z,https://github.com/django-nose/django-nose,django-nose,753
支持用Selenium测试。,2016-03-28T20:54:32Z,https://github.com/dragoon/django-selenium,django-selenium,84
测试整个Django网站（3年未更新）。,2014-03-06T09:34:20Z,https://github.com/stephenmcd/django-shotgun,django-shotgun,9
定位出最慢的测试。,2017-06-17T12:29:33Z,https://github.com/realpython/django-slow-tests,django-slowtests,113
增强了Django默认的TestCase的功能，能极大减少样板代码。,2017-06-26T16:39:26Z,https://github.com/revsys/django-test-plus,django-test-plus,225
Pythontestfixtures一个替代器。,2017-08-04T23:00:41Z,https://github.com/rbarrois/factory_boy,factory_boy,1232
与Django高度集成的一个测试框架。,,http://hitchtest.com/,hitchtest,
用于Django项目中,2012-01-18T10:28:34Z,https://github.com/stringfellow/lettuce-django-terrain,lettuce-django-terrain,11
一个用来产生Django或SQLAlchemy数据模型实例的应用。能快速便捷地创建测试数据。,2016-11-24T10:06:45Z,https://github.com/klen/mixer,mixer,428
一个简单的库，能为诸如ORM等一些Django行为设置模拟信息（1年未更新）。,2016-02-09T19:14:55Z,https://github.com/dcramer/mock-django,mock-django,194
为进行更好地测试提供了智能fixtures。,2017-07-26T15:05:01Z,https://github.com/vandersonmota/model_mommy,model-mommy,697
pytest的一个Django插件。,2017-07-28T18:36:56Z,https://github.com/pytest-dev/pytest-django,pytest-django,348
Web应用的一个Python测试框架。,2017-08-24T14:36:07Z,https://github.com/cobrateam/splinter,splinter,1474
用于Django的缩略图和图像工具。,2017-08-10T07:21:55Z,https://github.com/codingjoe/django-stdimage,django-stdimage,134
DjangoImageField的简单替代器，它提供了一个灵活易用、易扩展的接口，能根据数据项中设置的图片快速地创建新的图片。,2017-07-12T19:58:38Z,https://github.com/WGBH/django-versatileimagefield,django-versatileimagefield,256
一个易用的Django缩略图应用。,2017-08-08T18:09:31Z,https://github.com/SmileyChris/easy-thumbnails,easy-thumbnails,922
用于Django的缩略图应用。,2017-07-08T11:20:26Z,https://github.com/mariocesar/sorl-thumbnail,sorl-thumbnail,1093
可在django中进行轻松地翻译，使用通常的ORM。能很容易集成到现存的项目和应用中。能从django-multilingual-ng很容易地转换过来。,2017-08-18T14:07:17Z,https://github.com/KristianOellegaard/django-hvad,django-hvad,442
意在能django数据模型的翻译更加容易（2年未更新）。,2017-02-23T14:33:41Z,https://github.com/angvp/django-klingon,django-klingon,37
将现有Django数据模型中的动态数据翻译成任何的语言，而无需修改原来的数据模型类。,2017-07-25T19:08:35Z,https://github.com/deschler/django-modeltranslation,django-modeltranslation,522
简单的Django数据模型翻译工具，没有奇技淫巧。,2017-07-04T11:22:38Z,https://github.com/edoburu/django-parler,django-parler,250
Rosetta是一个ango应用，它使你的Django项目的翻译过程更加容易。,2017-04-07T08:13:53Z,https://github.com/mbi/django-rosetta,django-rosetta,622
Django的基于类的通用视图都很赞，那就再实现一些。,2017-03-08T16:33:59Z,https://github.com/AndrewIngram/django-extra-views,django-extra-views,636
一些非常简洁的基于类的视图。,2016-10-12T18:19:57Z,https://github.com/tomchristie/django-vanilla-views,django-vanilla-views,673
使AngularJS与Django整合。,2017-08-22T19:26:59Z,https://github.com/jrief/django-angular,django-angular,1109
使在Django项目中使用,2016-09-26T10:52:07Z,https://github.com/nvbn/django-bower,django-bower,499
一个Django应用，实现Javascripturl处理。,2017-07-08T14:07:01Z,https://github.com/ierror/django-js-reverse,django-js-reverse,361
一个可复用的Djangoapp，为Angular.js提供了更好的集成及工具。（1年未更新）,2016-04-26T11:41:26Z,https://github.com/appliedsec/djangular,djangular,217
Django管理界面与CKEditor集成。,2017-08-24T09:00:29Z,https://github.com/django-ckeditor/django-ckeditor,django-ckeditor,891
Summernote是一个简单的所见即所得编辑器。django-summernote能将Summernote方便地嵌入到Django中。支持mixins和widgets。,2017-05-11T05:02:11Z,https://github.com/summernote/django-summernote,django-summernote,351
TinyMCE与Django集成。,2017-07-05T06:37:45Z,https://github.com/aljosa/django-tinymce,django-tinymce,638
一个Django应用，实现将Django文本框变成富文本编辑器。可用作模板标签，也可用于表单组件。,2016-12-03T02:58:19Z,https://github.com/pydanny/django-wysiwyg,django-wysiwyg,444
一个wiki系统，功能复杂，集成容易，界面优秀。能将你的知识配以样式进行存储：使用django数据模型。,2017-08-18T18:48:52Z,https://github.com/django-wiki/django-wiki,django-wiki,792
一个可扩展的Djangowiki应用，使用Git后端。,2017-06-29T12:11:35Z,https://github.com/mgaitan/waliki,waliki,262
django-flows能保存逻辑复杂流中的状态和位置，允许基于每个用户的一系列动作进行可能的分支和复杂路径分离。（1年未更新）,2015-12-07T08:15:32Z,https://github.com/carlio/django-flows,django-flows,93
Django对有限状态机的友好支持。,2017-06-08T10:36:21Z,https://github.com/kmmbvnr/django-fsm,django-fsm,908
Django状态机和工作流库，提供即时修改功能。,2017-08-07T08:29:23Z,https://github.com/javrasya/django-river,django-river,311
django数据模型的状态机。,2017-05-30T13:03:28Z,https://github.com/vikingco/django-states2,django-states,119
Django中的可复用工作流库。,2017-08-20T07:14:20Z,https://github.com/viewflow/viewflow,django-viewflow,841
django-workflows为Django提供了一个通用的工作流引擎。,,https://bitbucket.org/jerzyk/django-workflows/,"django-workflows,bitbucketforks:1",
一个将xworkflows整合到django数据模型中的库。,2017-02-25T17:28:16Z,https://github.com/rbarrois/django_xworkflows,django-xworkflows,76
使在django更容易使用活跃URL高亮。（2年未更新）,2017-07-28T12:19:28Z,https://github.com/hellysmile/django-activeurl,django-activeurl,100
基于站点上的行为创建通用的活动流。用户可关注任何行为者的个人活动流。,2017-08-27T02:50:27Z,https://github.com/justquick/django-activity-stream,django-activity-stream,1230
一组非常有用的行为集，可用于django.contrib.admin.ModelAdmin和django.contrib.admin.AdminSite。,2017-06-12T19:48:59Z,https://github.com/saxix/django-adminactions,django-adminactions,174
为Django项目自动创建管理员用户。（2年未更新）,2015-10-16T06:55:48Z,https://github.com/rosarior/django-autoadmin,django-autoadmin,27
可复用的，通用的Djangomixins。,2017-04-18T17:41:56Z,https://github.com/brack3t/django-braces,django-braces,1247
一个可复用的应用，用于在模板中管理和显示日历。,2016-09-05T09:11:00Z,https://github.com/bitmazk/django-calendarium,django-calendarium,176
django网站的购物篮应用，django-cart的分支版本。,2017-08-14T17:24:30Z,https://github.com/angvp/django-changuito,django-changuito,48
一个用于处理跨源资源共享(CORS)所需的服务器头的Django应用。,2017-08-10T10:57:15Z,https://github.com/ottoyiu/django-cors-headers,django-cors-headers,1625
一个应用，提供了用于获取GoogleDFP广告的标签。（2年未更新）,2015-08-27T08:49:16Z,https://github.com/praekelt/django-dfp,django-dfp,4
能通过Django管理界面创建Scrapy抓取器。,2017-06-29T11:04:50Z,https://github.com/holgerd77/django-dynamic-scraper,django-dynamic-scraper,621
该仓库收集了有关Django框架的全局自定义管理扩展功能。,2017-08-22T19:44:18Z,https://github.com/django-extensions/django-extensions,django-extensions,3270
一个通用的系统，能基于用户选择过滤DjangoQuerySets。,2017-08-22T20:57:26Z,https://github.com/alex/django-filter,django-filter,1841
用于管理从属或双向关系的Django应用。,2017-01-02T16:00:12Z,https://github.com/revsys/django-friendship,django-friendship,303
主要实现在Django中支持Gravatar。功能有辅助函数，模板标签和完整的测试。,2017-07-27T21:53:44Z,https://github.com/twaddington/django-gravatar,django-gravatar2,98
DjangoWeb应用的样板，包含各种社交认证方法和许多流行API的例子。（1年未更新）,2016-01-29T04:07:31Z,https://github.com/DrkSephy/django-hackathon-starter,django-hackathon-starter,1085
一个用于获取用户IP地址的Django应用。,2017-07-31T18:47:32Z,https://github.com/un33k/django-ipware,django-ipware,348
一个简单易用的Django模板标签和工具，用于嵌入视频，并从视频提供者处获取缩略图。（2年未更新）,2015-10-12T14:25:34Z,https://github.com/kronoscode/django-magicembed,django-magic-embed,18
一个可复用的Django应用，用于端到端的标签处理。,2016-09-04T08:17:11Z,https://github.com/zsiciarz/django-markitup,django-markitup,42
一个用于监测Django中的管理命令的应用。,2017-01-16T18:44:08Z,https://github.com/LPgenerator/django-mmc,django-mmc,34
Django中的环型模板继承。,2017-04-10T00:59:54Z,https://github.com/stephenmcd/django-overextends,django-overextends,92
https://github.com/ericflo/django-pagination。（3年未更新),2017-05-26T23:10:46Z,https://github.com/ericflo/django-pagination,django-pagination,506
DjangoEL(Endless)Pagination可用于提供Twitter风格或Digg风格的分页，可支持Ajax。,2017-05-10T08:08:14Z,https://github.com/shtalinberg/django-el-pagination,django-el-pagination,138
这是一个可配置的Django调查问答应用。,2016-07-21T07:45:45Z,https://github.com/tomwalker/django_quiz,django-quiz-app,219
DjangoreCAPTCHA表单项/组件集成应用。,2017-06-27T13:03:26Z,https://github.com/praekelt/django-recaptcha,django-recaptcha,431
DjangoSmuggler是DjangoWeb框架中的一个可插拔应用，可用于在自动生成的管理界面中导入/导出fixtures。,2016-11-09T21:51:48Z,https://github.com/semente/django-smuggler,django-smuggler,235
有助于使用单例--全局设置等那些你想在管理站点上进行编辑的事物。,2017-07-15T15:24:07Z,https://github.com/lazybird/django-solo,django-solo,291
能通过SQL查询进行数据共享更加容易。,2017-08-08T02:35:49Z,https://github.com/epantry/django-sql-explorer,django-sql-explorer,1294
将Django消息保存到你的项目后端。（1年未更新）,2016-03-02T22:43:53Z,https://github.com/evonove/django-stored-messages,django-stored-messages,73
为限速率视图提供了一个装饰器。可基于IP地址或请求中的某项（GET或POST中的变量）进行限制。,2017-07-31T13:47:24Z,https://github.com/jsocol/django-ratelimit,django-ratelimit,363
一个slugify应用，能保证唯一性，且能处理Unicode。,2017-03-08T16:39:16Z,https://github.com/un33k/django-uuslug,django-uuslug,193
django-watchman为你的数据库，缓存等后端服务提供状态端点。,2017-08-02T18:27:08Z,https://github.com/mwarkentin/django-watchman,django-watchman,156
为Django应用实现的Websockets，使用Redis作为消息队列。,2017-08-20T22:18:29Z,https://github.com/jrief/django-websocket-redis,django-websocket-redis,647
一组Ansibleplaybooks集合，可用于快速创建Django应用。,,http://tryolabs.github.io/metamon/,metamon,
一个用于从URL抽取内容的小型库。,2017-07-24T14:19:00Z,https://github.com/coleifer/micawber,micawber,361
一个工具集，能极大地方便你的Django开发。,2017-05-04T14:25:47Z,https://github.com/matthiask/towel,towel,71
易用且对开发者友好的CMS。,2017-08-18T18:33:52Z,https://github.com/divio/django-cms,django-cms,5126
"DjangoFiber,一个简单易用的CMS，可用于所有的Django项目中。",2017-07-28T20:08:58Z,https://github.com/ridethepony/django-fiber,django-fiber,564
一个基于Django的CMS，关注于扩展性和代码的简洁性。,2017-07-18T09:26:26Z,https://github.com/feincms/feincms,feincms,704
一个使用Django框架构建的内容管理平台。,2017-08-22T23:53:57Z,https://github.com/stephenmcd/mezzanine,Mezzanine,3178
一个新的Django内容管理系统。,2017-08-27T18:28:52Z,https://github.com/torchbox/wagtail,wagtail,4644
一个新的Django内容管理系统，基于FeinCMS和OpenStackHorizon构建。,2017-07-28T18:18:22Z,https://github.com/django-leonardo/django-leonardo,leonardo,64
一个开源的，基于Django的DMS(文档管理系统)，它具有自定义元数据索引、文件服务集成、OCR功能、文档版本控制和电子签名验证等功能。,2017-08-27T23:48:30Z,https://github.com/mayan-edms/mayan-edms,mayan-edms,269
Django/Mezzanine的电子商务应用。,2017-05-21T17:22:49Z,https://github.com/stephenmcd/cartridge,Cartridge,532
Django中基于领域驱动的电子商务框架。,2017-08-27T05:40:29Z,https://github.com/django-oscar/django-oscar,django-oscar,2663
LightingFasShop是一个用Django构建的电子商务解决方案。,,http://www.getlfs.com/,LightingFasShop,
,,http://getsaleor.com,Saleor,在Python和Django中使用的电子商务店铺。
Satchless将电子商务和Python结合了起来。,,http://satchless.com,Satchless,
,,https://bitbucket.org/chris1610/satchmo/src/,Satchmo,Satchmo是一个用Django构建的电子商务框架，它能使你开发独一无二且健壮的在线商店。
DjangoPackages是一个Django的可复用应用，站点，工具等的目录。,2017-07-31T08:04:48Z,https://github.com/pydanny/djangopackages,Djangopackages,264
使用Vagrant的Django项目全栈SaltStack配置。（4年前更新）,2014-05-19T20:29:44Z,https://github.com/wunki/django-salted,django-salted,326
Reddit/HackerNews的克隆版，使用Django/Mezzanine。,2017-01-30T02:18:01Z,https://github.com/stephenmcd/drum,Drum,334
适用于小业务的完美的CRM/ERP。,2016-09-05T18:39:24Z,https://github.com/tfroehlich82/koalixcrm,koalixcrm,67
问题跟踪系统。（3年前更新）,2014-11-09T18:27:04Z,https://github.com/orges/itsy,ITSY,76
敏捷，免费而且开源的项目管理工具，基于Django和Angular。,2017-08-23T11:39:49Z,https://github.com/taigaio/taiga-back,taiga,3671
,2016-06-20T21:03:24Z,https://github.com/kevinlondon/django-by-example,DjangobyExample,15
,,http://agiliq.com/books/djenofdjango/,DjenofDjango,
,,http://www.effectivedjango.com/,EffectiveDjango,
,,http://gettingstartedwithdjango.com/,GettingstartedwithDjango,
,,https://highperformancedjango.com/,HighPerformanceDjango,部署快速、可扩展的Django站点。
"使用REST,WebSockets,Backbone和Django。",,http://shop.oreilly.com/product/0636920032502.do,LightweightDjango,
,,http://www.tangowithdjango.com/,TangoWithDjango,
,,http://chimera.labs.oreilly.com/books/1234000000754/index.html,Test-DrivenWebDevelopmentwithPython,
,,https://www.twoscoopspress.com/products/two-scoops-of-django-1-8/,TwoScoopsofDjango:BestPracticesforDjango1.8,关于Python和Django开发的最佳实践的书。
一篇有趣并且吸引人的教程，显示了如何使用Django创建一个blog并部署到Heroku。,,http://tutorial.djangogirls.org/,DjangoGirlsTutorial,
,,http://www.django-introduction.com/,DjangoIntroduction,一组可复用的幻灯片，可用于向更多人传授关于Django的知识。
DjangoPackages是一个Django的可复用应用，站点，工具等的目录。,2017-07-31T08:04:48Z,https://github.com/pydanny/djangopackages,Djangopackages,264
DjangoSites收集了基于Django的网站的案例。,,https://www.djangosites.org,DjangoSites,
,,http://www.fullstackpython.com/django.html,FullStackPython'sDjangopage,包含对Django哲学及其组件的解释，并且还有链向其它资源和教程的链接。
佛罗伦萨Django社区的聚会。,,https://www.djangobeer.com/,DjangoBeer,
,,http://djangovillage.it/,DjangoVillage,意大利Django社会大会。与全意大利及海外Django人的好机会。
是一个Django/Python非营利社区活动，完全由自愿者组织和运营。该大会主要关注Django，但是有关Python的各个方面也都在其范围内。,,https://twitter.com/djangoweekend,DjangoWeekend,
,,http://www.djangounderthehood.com/,Django:UnderTheHood,是一个令人兴奋的针对有经验的Django开发人员的新Django会议。来学习关于Django的内部机理，帮助规划其愿景。
是欧洲年度最大的Django会议，通常在暮春举行。,,http://www.djangocon.eu/,DjangoConEurope,
,,http://www.djangocon.us/,DjangoConUS,是北美最大的Django会议，通常在每年九月的第一周举行。
一个cookiecutter模板，用于快速创建Django项目。,2017-08-26T17:26:07Z,https://github.com/pydanny/cookiecutter-django,cookiecutter-django,2834
对每个Django中基于类的通用视图的全部方法和属性进行了详细的描述。,,http://ccbv.co.uk/,ClassyClass-BasedViews,
,,http://www.cdrf.co/,ClassyDjangoRESTFramework,对DjangoREST框架中每个基于类的视图和序列化器的全部方法和属性进行了详细的描述。
一组关于Django及所有基于Django的项目的最佳视频集。,,https://www.codingforentrepreneurs.com/projects/,CodingforEntrepreneur,
,,https://godjango.com,GoDjango,包含了从初级到高级的Django视频。囊括了从第3方应用到Django核心组件的内容。
关于Django和Python的必看视频。,2015-08-10T23:15:00Z,https://github.com/rosarior/django-must-watch,MustWatchDjangoVideos,476
这组视频集将在一个月内教会你Django。,,https://onemonth.com,OneMonthDjango,
可从任意地方运行manage.py。找到距离最近的manage.py文件，并基于该文件运行命令。,2017-01-14T12:06:28Z,https://github.com/timonweb/Django-manage.py-anywhere,Django-manage.py-anywhere,17
一个用于单独运行Django应用的工具集。它提供了用于创建一个CLI运行器，管理配置信息，及启动程序的工具（2年前更新）。,2016-05-18T13:56:28Z,https://github.com/dcramer/logan,Logan,196
