content,links,
前言,https://dormousehole.readthedocs.io/en/latest/foreword.html, 
针对高级程序员的前言,https://dormousehole.readthedocs.io/en/latest/advanced_foreword.html, 
安装,https://dormousehole.readthedocs.io/en/latest/installation.html, 
快速上手,https://dormousehole.readthedocs.io/en/latest/quickstart.html, 
教程,https://dormousehole.readthedocs.io/en/latest/tutorial/index.html, 
模板,https://dormousehole.readthedocs.io/en/latest/templating.html, 
测试 Flask 应用,https://dormousehole.readthedocs.io/en/latest/testing.html, 
应用错误处理,https://dormousehole.readthedocs.io/en/latest/errorhandling.html, 
排除应用错误,https://dormousehole.readthedocs.io/en/latest/errorhandling.html#id7, 
日志,https://dormousehole.readthedocs.io/en/latest/logging.html, 
配置管理,https://dormousehole.readthedocs.io/en/latest/config.html, 
信号,https://dormousehole.readthedocs.io/en/latest/signals.html, 
可插拨视图,https://dormousehole.readthedocs.io/en/latest/views.html, 
应用情境,https://dormousehole.readthedocs.io/en/latest/appcontext.html, 
请求情境,https://dormousehole.readthedocs.io/en/latest/reqcontext.html, 
使用蓝图的模块化应用,https://dormousehole.readthedocs.io/en/latest/blueprints.html, 
扩展,https://dormousehole.readthedocs.io/en/latest/extensions.html, 
命令行接口,https://dormousehole.readthedocs.io/en/latest/cli.html, 
开发服务器,https://dormousehole.readthedocs.io/en/latest/server.html, 
在 Shell 中使用 Flask,https://dormousehole.readthedocs.io/en/latest/shell.html, 
Flask 方案,https://dormousehole.readthedocs.io/en/latest/patterns/index.html, 
部署方式,https://dormousehole.readthedocs.io/en/latest/deploying/index.html, 
大型应用,https://dormousehole.readthedocs.io/en/latest/becomingbig.html, 
API,https://dormousehole.readthedocs.io/en/latest/api.html, 
Flask 的设计思路,https://dormousehole.readthedocs.io/en/latest/design.html, 
HTML/XHTML 常见问答,https://dormousehole.readthedocs.io/en/latest/htmlfaq.html, 
安全注意事项,https://dormousehole.readthedocs.io/en/latest/security.html, 
Flask 中的 Unicode,https://dormousehole.readthedocs.io/en/latest/unicode.html, 
Flask 扩展开发,https://dormousehole.readthedocs.io/en/latest/extensiondev.html, 
Pocoo 风格指南,https://dormousehole.readthedocs.io/en/latest/styleguide.html, 
Upgrading to Newer Releases,https://dormousehole.readthedocs.io/en/latest/upgrading.html, 
Flask Changelog,https://dormousehole.readthedocs.io/en/latest/changelog.html, 
License,https://dormousehole.readthedocs.io/en/latest/license.html, 
如何为 Flask 做出贡献,https://dormousehole.readthedocs.io/en/latest/contributing.html, 
