PI_page,docs,name,on_github
http://pypi.python.org/pypi/Flask-Admin,http://flask-admin.readthedocs.org/en/latest/index.html,Flask-Admin,http://github.com/flask-admin/flask-admin/
http://pypi.python.org/pypi/Flask-Ask,http://flask-ask.readthedocs.io/en/latest/,Flask-Ask,http://github.com/johnwheeler/flask-ask/
http://pypi.python.org/pypi/Flask-Assets,http://elsdoerfer.name/docs/flask-assets/,Flask-Assets,http://github.com/miracle2k/flask-assets/
http://pypi.python.org/pypi/Flask-AutoIndex,http://pythonhosted.org/Flask-AutoIndex/,Flask-AutoIndex,http://github.com/sublee/flask-autoindex/
http://pypi.python.org/pypi/Flask-Babel,http://pythonhosted.org/Flask-Babel/,Flask-Babel,http://github.com/mitsuhiko/flask-babel/
http://pypi.python.org/pypi/Flask-Bcrypt,http://pythonhosted.org/Flask-Bcrypt/,Flask-Bcrypt,http://github.com/maxcountryman/flask-bcrypt/
http://pypi.python.org/pypi/Flask-Cache,http://pythonhosted.org/Flask-Cache,Flask-Cache,http://github.com/thadeusb/flask-cache/
http://pypi.python.org/pypi/Flask-Celery,http://ask.github.com/celery/,Flask-Celery,http://github.com/ask/flask-celery/
http://pypi.python.org/pypi/Flask-Classy,http://pythonhosted.org/Flask-Classy/,Flask-Classy,http://github.com/apiguy/flask-classy/
http://pypi.python.org/pypi/Flask-Cors,http://flask-cors.readthedocs.org/en/latest/,Flask-Cors,http://github.com/wcdolphin/flask-cors/
http://pypi.python.org/pypi/Flask-CouchDB,http://pythonhosted.org/Flask-CouchDB/,Flask-CouchDB,http://bitbucket.org/leafstorm/flask-couchdb/
http://pypi.python.org/pypi/Flask-CouchDBKit,http://pythonhosted.org/Flask-CouchDBKit/,Flask-CouchDBKit,http://github.com/sirn/flask-couchdbkit/
http://pypi.python.org/pypi/Flask-Creole,http://pythonhosted.org/Flask-Creole,Flask-Creole,http://bitbucket.org/aafshar/flask-creole-main/
http://pypi.python.org/pypi/Flask-Dance,https://flask-dance.readthedocs.org/en/latest/,Flask-Dance,http://github.com/singingwolfboy/flask-dance/
http://pypi.python.org/pypi/Flask-Dashed,http://jeanphix.github.com/Flask-Dashed/,Flask-Dashed,http://github.com/jeanphix/Flask-Dashed/
http://pypi.python.org/pypi/Flask-DebugToolbar,https://github.com/mgood/flask-debugtoolbar,Flask-DebugToolbar,http://github.com/mgood/flask-debugtoolbar/
http://pypi.python.org/pypi/Flask-Exceptional,http://pythonhosted.org/Flask-Exceptional/,Flask-Exceptional,http://github.com/jzempel/flask-exceptional/
http://pypi.python.org/pypi/Flask-fillin,http://pythonhosted.org/Flask-fillin/,Flask-fillin,http://github.com/jarus/flask-fillin/
http://pypi.python.org/pypi/Flask-FlatPages,http://pythonhosted.org/Flask-FlatPages/,Flask-FlatPages,http://github.com/SimonSapin/Flask-FlatPages/
http://pypi.python.org/pypi/Flask-FluidDB,http://pythonhosted.org/Flask-FluidDB/,Flask-FluidDB,http://bitbucket.org/aafshar/flask-fluiddb-main/
http://pypi.python.org/pypi/Flask-GAE-Mini-Profiler,http://pythonhosted.org/Flask-GAE-Mini-Profiler,Flask-GAE-Mini-Profiler,http://github.com/passy/flask-gae-mini-profiler/
http://pypi.python.org/pypi/Flask-Genshi,http://pythonhosted.org/Flask-Genshi/,Flask-Genshi,http://github.com/dag/flask-genshi/
http://pypi.python.org/pypi/Flask-Gravatar,http://pythonhosted.org/Flask-Gravatar/,Flask-Gravatar,http://github.com/zzzsochi/Flask-Gravatar/
http://pypi.python.org/pypi/Flask-Heroku,http://github.com/kennethreitz/flask-heroku/,Flask-Heroku,
http://pypi.python.org/pypi/Flask-HTMLBuilder,http://majorz.github.com/flask-htmlbuilder/,Flask-HTMLBuilder,http://github.com/majorz/flask-htmlbuilder/
http://pypi.python.org/pypi/flask-lesscss,http://sjl.bitbucket.org/flask-lesscss/,flask-lesscss,http://bitbucket.org/sjl/flask-lesscss/
http://pypi.python.org/pypi/Flask-Lettuce,http://github.com/dqminh/flask-lettuce/,Flask-Lettuce,
http://pypi.python.org/pypi/Flask-Limiter,http://flask-limiter.readthedocs.org/en/latest/,Flask-Limiter,http://github.com/alisaifee/flask-limiter/
http://pypi.python.org/pypi/Flask-Login,http://pythonhosted.org/Flask-Login/,Flask-Login,http://github.com/maxcountryman/flask-login/
http://pypi.python.org/pypi/Flask-Mail,http://pythonhosted.org/Flask-Mail/,Flask-Mail,http://github.com/mattupstate/flask-mail/
http://pypi.python.org/pypi/Flask-Mako,http://pythonhosted.org/Flask-Mako/,Flask-Mako,http://github.com/benselme/flask-mako/
http://pypi.python.org/pypi/Flask-Migrate,http://pythonhosted.org/Flask-Migrate/,Flask-Migrate,http://github.com/miguelgrinberg/flask-migrate/
http://pypi.python.org/pypi/Flask-Misaka,https://flask-misaka.readthedocs.org/en/latest/,Flask-Misaka,http://github.com/singingwolfboy/flask-misaka/
http://pypi.python.org/pypi/Flask-MongoAlchemy,http://pythonhosted.org/Flask-MongoAlchemy/,Flask-MongoAlchemy,http://github.com/cobrateam/flask-mongoalchemy/
http://pypi.python.org/pypi/Flask-MongoKit,http://pythonhosted.org/Flask-MongoKit/,Flask-MongoKit,http://github.com/jarus/flask-mongokit/
http://pypi.python.org/pypi/Flask-OAuth,http://pythonhosted.org/Flask-OAuth/,Flask-OAuth,http://github.com/mitsuhiko/flask-oauth/
http://pypi.python.org/pypi/Flask-OpenID,http://pythonhosted.org/Flask-OpenID/,Flask-OpenID,http://github.com/mitsuhiko/flask-openid/
http://pypi.python.org/pypi/Flask-Peewee,http://charlesleifer.com/docs/flask-peewee/index.html,Flask-Peewee,http://github.com/coleifer/flask-peewee/
http://pypi.python.org/pypi/Flask-PonyWhoosh,http://pythonhosted.org/flask-ponywhoosh/,Flask-PonyWhoosh,http://github.com/compiteing/flask-ponywhoosh/
http://pypi.python.org/pypi/Flask-Principal,http://pythonhosted.org/Flask-Principal,Flask-Principal,http://github.com/mattupstate/flask-principal/
http://pypi.python.org/pypi/Flask-PyMongo,http://readthedocs.org/docs/flask-pymongo/,Flask-PyMongo,http://github.com/dcrosta/flask-pymongo/
http://pypi.python.org/pypi/Flask-QueryInspect,https://github.com/noise/flask-queryinspect,Flask-QueryInspect,http://github.com/noise/flask-queryinspect/
http://pypi.python.org/pypi/Flask-Raptor,http://pythonhosted.org/Flask-Raptor/,Flask-Raptor,http://github.com/dplepage/flask-raptor/
http://pypi.python.org/pypi/Flask-Rest-JSONAPI,http://flask-rest-jsonapi.readthedocs.io/en/latest/,Flask-Rest-JSONAPI,http://github.com/miLibris/flask-rest-jsonapi/
http://pypi.python.org/pypi/Flask-RESTful,https://flask-restful.readthedocs.org/,Flask-RESTful,http://github.com/flask-restful/flask-restful/
http://pypi.python.org/pypi/Flask-Restless,http://readthedocs.org/docs/flask-restless/en/latest/,Flask-Restless,http://github.com/jfinkels/flask-restless/
http://pypi.python.org/pypi/Flask-Script,http://pythonhosted.org/Flask-Script/,Flask-Script,http://github.com/techniq/flask-script/
http://pypi.python.org/pypi/Flask-SeaSurf,http://pythonhosted.org/Flask-SeaSurf/,Flask-SeaSurf,http://github.com/maxcountryman/flask-seasurf/
http://pypi.python.org/pypi/Flask-Security,https://pythonhosted.org/Flask-Security/,Flask-Security,http://github.com/mattupstate/flask-security/
http://pypi.python.org/pypi/Flask-Shelve,http://pythonhosted.org/Flask-Shelve/,Flask-Shelve,http://github.com/jamesls/flask-shelve/
http://pypi.python.org/pypi/Flask-Sijax,http://pythonhosted.org/Flask-Sijax/,Flask-Sijax,http://github.com/spantaleev/flask-sijax/
http://pypi.python.org/pypi/Flask-Snow,http://flask-snow.readthedocs.io/en/latest/,Flask-Snow,http://github.com/rbw0/flask-snow/
http://pypi.python.org/pypi/Flask-SQLAlchemy,http://flask-sqlalchemy.pocoo.org/,Flask-SQLAlchemy,http://github.com/mitsuhiko/flask-sqlalchemy/
http://pypi.python.org/pypi/Flask-SSE,https://flask-sse.readthedocs.org/en/latest/,Flask-SSE,http://github.com/singingwolfboy/flask-sse/
http://pypi.python.org/pypi/Flask-Static-Compress,https://github.com/alanhamlett/flask-static-compress,Flask-Static-Compress,http://github.com/alanhamlett/flask-static-compress/
http://pypi.python.org/pypi/Flask-Stormpath,http://flask-stormpath.readthedocs.org/en/latest/,Flask-Stormpath,http://github.com/stormpath/stormpath-flask/
http://pypi.python.org/pypi/Flask-Testing,http://pythonhosted.org/Flask-Testing/,Flask-Testing,http://github.com/jarus/flask-testing/
http://pypi.python.org/pypi/Flask-Themes,http://pythonhosted.org/Flask-Themes/,Flask-Themes,http://bitbucket.org/leafstorm/flask-themes/
http://pypi.python.org/pypi/Flask-Uploads,https://flask-uploads.readthedocs.org/en/latest/,Flask-Uploads,http://github.com/maxcountryman/flask-uploads/
http://pypi.python.org/pypi/Flask-User,http://flask-user.readthedocs.io/,Flask-User,http://github.com/lingthio/flask-user/
http://pypi.python.org/pypi/Flask-Via,http://flask-via.soon.build,Flask-Via,http://github.com/thisissoon/Flask-Via/
http://pypi.python.org/pypi/Flask-WeasyPrint,http://pythonhosted.org/Flask-WeasyPrint/,Flask-WeasyPrint,http://github.com/SimonSapin/Flask-WeasyPrint/
http://pypi.python.org/pypi/Flask-WebTest,http://flask-webtest.readthedocs.org/,Flask-WebTest,http://github.com/aromanovich/flask-webtest/
http://pypi.python.org/pypi/Flask-WTF,http://pythonhosted.org/Flask-WTF/,Flask-WTF,http://github.com/ajford/flask-wtf/
http://pypi.python.org/pypi/Flask-XML-RPC,http://pythonhosted.org/Flask-XML-RPC/,Flask-XML-RPC,http://bitbucket.org/leafstorm/flask-xml-rpc/
http://pypi.python.org/pypi/Flask-Zen,http://pythonhosted.org/Flask-Zen/,Flask-Zen,http://github.com/coderanger/flask-zen/
http://pypi.python.org/pypi/Flask-ZODB,http://pythonhosted.org/Flask-ZODB/,Flask-ZODB,http://github.com/dag/flask-zodb/
http://pypi.python.org/pypi/Frozen-Flask,http://pythonhosted.org/Frozen-Flask/,Frozen-Flask,http://github.com/SimonSapin/Frozen-Flask/
